id,parent_category_id,creator_id,category_name,hierarchy,sort_no,create_date,update_date,discriminator_type
1,,,Gelato,1,5,2017-03-07 10:14:52,2017-03-07 10:14:52,category
2,,,New Items,1,6,2017-03-07 10:14:52,2017-03-07 10:14:52,category
3,1,,Colorful Desserts,2,3,2017-03-07 10:14:52,2017-03-07 10:14:52,category
4,3,,CUBE,3,2,2017-03-07 10:14:52,2017-03-07 10:14:52,category
5,,,Ice Cream Sandwiches,1,1,2017-03-07 10:14:52,2017-03-07 10:14:52,category
6,5,,Fruits,2,4,2017-03-07 10:14:52,2017-03-07 10:14:52,category
