id,class_name_id,creator_id,backend_name,name,sort_no,create_date,update_date,visible,discriminator_type
1,1,,Chocolate,Chocolate,3,2017-03-07 10:14:52,2017-03-07 10:14:52,1,classcategory
2,1,,Green Tea,Green Tea,2,2017-03-07 10:14:52,2017-03-07 10:14:52,1,classcategory
3,1,,Vanilla,Vanilla,1,2017-03-07 10:14:52,2017-03-07 10:14:52,1,classcategory
4,2,,16mm × 16mm,16mm × 16mm,3,2017-03-07 10:14:52,2017-03-07 10:14:52,1,classcategory
5,2,,32mm × 32mm,32mm × 32mm,2,2017-03-07 10:14:52,2017-03-07 10:14:52,1,classcategory
6,2,,64cm × 64cm,64cm × 64cm,1,2017-03-07 10:14:52,2017-03-07 10:14:52,1,classcategory
