id,creator_id,product_status_id,name,note,description_list,description_detail,search_word,free_area,create_date,update_date,discriminator_type
"1",,"1","彩のジェラートCUBE",,,"冬でも食べたい立方体のジェラート。
定番のチョコフレーバーは、チョコレート特有の甘い香りが特徴です。適度な甘みと日本人の口に合いやすいサイズ感で長く愛用いただけます。
最高級バニラフレーバーは、贈り物としても人気です。",,,"2018-09-28 10:14:52","2018-09-28 10:14:52","product"
"2",,"1","チェリーアイスサンド",,,"チェリーアイスサンドは北海道産のチェリーのアイスをサクサクのクッキーでサンドしたスイーツです。
立方体なので大量に持ち運ぶときも便利です。
いまだけ、頑丈な箱つきです。",,,"2018-09-28 10:14:52","2018-09-28 10:14:52","product"
