id,creator_id,payment_method,charge,rule_max,sort_no,fixed,visible,create_date,update_date,payment_image,rule_min,method_class,discriminator_type
"1",,"郵便振替","0",,"4","1","1","2017-03-07 10:14:52","2017-03-07 10:14:52",,"0","Eccube\Service\Payment\Method\Cash","payment"
"2",,"現金書留","0",,"3","1","1","2017-03-07 10:14:52","2017-03-07 10:14:52",,"0","Eccube\Service\Payment\Method\Cash","payment"
"3",,"銀行振込","0",,"2","1","1","2017-03-07 10:14:52","2017-03-07 10:14:52",,"0","Eccube\Service\Payment\Method\Cash","payment"
"4",,"代金引換","0",,"1","1","1","2017-03-07 10:14:52","2017-03-07 10:14:52",,"0","Eccube\Service\Payment\Method\Cash","payment"
