id,name,sort_no,discriminator_type
"1","公務員","0","job"
"2","コンサルタント","1","job"
"3","コンピューター関連技術職","2","job"
"4","コンピューター関連以外の技術職","3","job"
"5","金融関係","4","job"
"6","医師","5","job"
"7","弁護士","6","job"
"8","総務・人事・事務","7","job"
"9","営業・販売","8","job"
"10","研究・開発","9","job"
"11","広報・宣伝","10","job"
"12","企画・マーケティング","11","job"
"13","デザイン関係","12","job"
"14","会社経営・役員","13","job"
"15","出版・マスコミ関係","14","job"
"16","学生・フリーター","15","job"
"17","主婦","16","job"
"18","その他","17","job"
